{"$schema":"http://schema.management.azure.com/schemas/2015-01-01/deploymentTemplate.json#","contentVersion":"1.0.0.0","parameters":{"factoryName":{"type":"string","metadata":"Data Factory name"},"AzureDataLakeStorage_con":{"type":"string"},"GitHub_con":{"type":"string"}},"variables":{"factoryId":"[concat('Microsoft.DataFactory/factories/', parameters('factoryName'))]"},"resources":[{"name":"[concat(parameters('factoryName'), '/Pipeline_GitHub_to_DataLake')]","type":"Microsoft.DataFactory/factories/pipelines","apiVersion":"2018-06-01","properties":{"activities":[{"name":"GitHubMetadata","type":"WebActivity","dependsOn":[],"policy":{"timeout":"0.12:00:00","retry":0,"retryIntervalInSeconds":30,"secureOutput":false,"secureInput":false},"userProperties":[],"typeProperties":{"method":"GET","headers":{},"url":"https://raw.githubusercontent.com/Pratikshaacharya/E-Commerce_Order_Analytics/refs/heads/main/Data/Customers.csv"}},{"name":"Set variable for metadata","type":"SetVariable","dependsOn":[{"activity":"GitHubMetadata","dependencyConditions":["Succeeded"]}],"policy":{"secureOutput":false,"secureInput":false},"userProperties":[],"typeProperties":{"variableName":"GitHubMetadata","value":{"value":"@activity('GitHubMetadata').output.Response","type":"Expression"}}},{"name":"Validation if customer file is present in raw","type":"Validation","dependsOn":[{"activity":"Set variable for metadata","dependencyConditions":["Succeeded"]}],"userProperties":[],"typeProperties":{"dataset":{"referenceName":"ds_validation","type":"DatasetReference","parameters":{}},"timeout":"0.12:00:00","sleep":10}},{"name":"For all the files in the github","type":"ForEach","dependsOn":[{"activity":"Validation if customer file is present in raw","dependencyConditions":["Succeeded"]}],"userProperties":[],"typeProperties":{"items":{"value":"@pipeline().parameters.filename_arr","type":"Expression"},"activities":[{"name":"Copy data from github to datalake","type":"Copy","dependsOn":[],"policy":{"timeout":"0.12:00:00","retry":0,"retryIntervalInSeconds":30,"secureOutput":false,"secureInput":false},"userProperties":[],"typeProperties":{"source":{"type":"DelimitedTextSource","storeSettings":{"type":"HttpReadSettings","requestMethod":"GET"},"formatSettings":{"type":"DelimitedTextReadSettings"}},"sink":{"type":"DelimitedTextSink","storeSettings":{"type":"AzureBlobFSWriteSettings"},"formatSettings":{"type":"DelimitedTextWriteSettings","quoteAllText":true,"fileExtension":".txt"}},"enableStaging":false,"translator":{"type":"TabularTranslator","typeConversion":true,"typeConversionSettings":{"allowDataTruncation":true,"treatBooleanAsNumber":false}}},"inputs":[{"referenceName":"ds_GitHub","type":"DatasetReference","parameters":{"file_name":{"value":"@item().file_name","type":"Expression"}}}],"outputs":[{"referenceName":"ds_datalake","type":"DatasetReference","parameters":{"file_name":{"value":"@item().file_name","type":"Expression"},"folder_name":{"value":"@item().folder_name","type":"Expression"}}}]}]}}],"policy":{"elapsedTimeMetric":{}},"parameters":{"filename_arr":{"type":"array","defaultValue":[{"folder_name":"Products","file_name":"Products.csv"},{"folder_name":"Orders","file_name":"Orders.csv"},{"folder_name":"OrderItems","file_name":"OrderItems.csv"},{"folder_name":"Payments","file_name":"Payments.csv"}]}},"variables":{"GitHubMetadata":{"type":"String"}},"annotations":[],"lastPublishTime":"2025-03-25T06:00:27Z"},"dependsOn":["[concat(variables('factoryId'), '/datasets/ds_validation')]","[concat(variables('factoryId'), '/datasets/ds_GitHub')]","[concat(variables('factoryId'), '/datasets/ds_datalake')]"]},{"name":"[concat(parameters('factoryName'), '/ds_validation')]","type":"Microsoft.DataFactory/factories/datasets","apiVersion":"2018-06-01","properties":{"linkedServiceName":{"referenceName":"[parameters('AzureDataLakeStorage_con')]","type":"LinkedServiceReference"},"annotations":[],"type":"DelimitedText","typeProperties":{"location":{"type":"AzureBlobFSLocation","fileName":"Customers.csv","fileSystem":"raw"},"columnDelimiter":",","escapeChar":"\\","firstRowAsHeader":true,"quoteChar":"\""},"schema":[{"name":"customer_id","type":"String"},{"name":"customer_zip_code_prefix","type":"String"},{"name":"customer_city","type":"String"},{"name":"customer_state","type":"String"}]},"dependsOn":[]},{"name":"[concat(parameters('factoryName'), '/ds_GitHub')]","type":"Microsoft.DataFactory/factories/datasets","apiVersion":"2018-06-01","properties":{"linkedServiceName":{"referenceName":"[parameters('GitHub_con')]","type":"LinkedServiceReference"},"parameters":{"file_name":{"type":"string"}},"annotations":[],"type":"DelimitedText","typeProperties":{"location":{"type":"HttpServerLocation","relativeUrl":{"value":"Pratikshaacharya/E-Commerce_Order_Analytics/refs/heads/main/Data/@{dataset().file_name}","type":"Expression"}},"columnDelimiter":",","escapeChar":"\\","firstRowAsHeader":true,"quoteChar":"\""},"schema":[]},"dependsOn":[]},{"name":"[concat(parameters('factoryName'), '/ds_datalake')]","type":"Microsoft.DataFactory/factories/datasets","apiVersion":"2018-06-01","properties":{"linkedServiceName":{"referenceName":"[parameters('AzureDataLakeStorage_con')]","type":"LinkedServiceReference"},"parameters":{"file_name":{"type":"string"},"folder_name":{"type":"string"}},"annotations":[],"type":"DelimitedText","typeProperties":{"location":{"type":"AzureBlobFSLocation","fileName":{"value":"@dataset().file_name","type":"Expression"},"folderPath":{"value":"@dataset().folder_name","type":"Expression"},"fileSystem":"bronze"},"columnDelimiter":",","escapeChar":"\\","firstRowAsHeader":true,"quoteChar":"\""},"schema":[]},"dependsOn":[]}]}